Segment,Country,Product,Discount Band,Units Sold,Manufacturing Price,Sale Price,Gross Sales,Discounts,Sales,COGS,Profit,Date,Month Number,Month Name,Year
Government,Canada, Carretera , None ,1618,3,20,32,0,32,16,16,01/01/2014,1, January ,2014
Government,Germany, Carretera , None ,1321,3,20,26,0,26,13,13,01/01/2014,1, January ,2014
Midmarket,France, Carretera , None ,2178,3,15,32,0,32,21,10,01/06/2014,6, June ,2014
Midmarket,Germany, Carretera , None ,888,3,15,13,0,13,8,4,01/06/2014,6, June ,2014
Midmarket,Mexico, Carretera , None ,2470,3,15,37,0,37,24,12,01/06/2014,6, June ,2014
Government,Germany, Carretera , None ,1513,3,350,529,0,529,393,136,01/12/2014,12, December ,2014
Midmarket,Germany, Montana , None ,921,5,15,13,0,13,9,4,01/03/2014,3, March ,2014
Channel Partners,Canada, Montana , None ,2518,5,12,30,0,30,7,22,01/06/2014,6, June ,2014
Government,France, Montana , None ,1899,5,20,37,0,37,18,18,01/06/2014,6, June ,2014
Channel Partners,Germany, Montana , None ,1545,5,12,18,0,18,4,13,01/06/2014,6, June ,2014
Midmarket,Mexico, Montana , None ,2470,5,15,37,0,37,24,12,01/06/2014,6, June ,2014
Enterprise,Canada, Montana , None ,2665,5,125,333,0,333,319,13,01/07/2014,7, July ,2014
Small Business,Mexico, Montana , None ,958,5,300,287,0,287,239,47,01/08/2014,8, August ,2014
Government,Germany, Montana , None ,2146,5,7,15,0,15,10,4,01/09/2014,9, September ,2014
Enterprise,Canada, Montana , None ,345,5,125,43,0,43,41,1,01/10/2013,10, October ,2013
Midmarket,United States of America, Montana , None ,615,5,15,9,0,9,6,3,01/12/2014,12, December ,2014
Government,Canada, Paseo , None ,292,10,20,5,0,5,2,2,01/02/2014,2, February ,2014
Midmarket,Mexico, Paseo , None ,974,10,15,14,0,14,9,4,01/02/2014,2, February ,2014
Channel Partners,Canada, Paseo , None ,2518,10,12,30,0,30,7,22,01/06/2014,6, June ,2014
Government,Germany, Paseo , None ,1006,10,350,352,0,352,261,90,01/06/2014,6, June ,2014
Channel Partners,Germany, Paseo , None ,367,10,12,4,0,4,1,3,01/07/2014,7, July ,2014
Government,Mexico, Paseo , None ,883,10,7,6,0,6,4,1,01/08/2014,8, August ,2014
Midmarket,France, Paseo , None ,549,10,15,8,0,8,5,2,01/09/2013,9, September ,2013
Small Business,Mexico, Paseo , None ,788,10,300,236,0,236,197,39,01/09/2013,9, September ,2013
Midmarket,Mexico, Paseo , None ,2472,10,15,37,0,37,24,12,01/09/2014,9, September ,2014
Government,United States of America, Paseo , None ,1143,10,7,8,0,8,5,2,01/10/2014,10, October ,2014
Government,Canada, Paseo , None ,1725,10,350,603,0,603,448,155,01/11/2013,11, November ,2013
Channel Partners,United States of America, Paseo , None ,912,10,12,10,0,10,2,8,01/11/2013,11, November ,2013
Midmarket,Canada, Paseo , None ,2152,10,15,32,0,32,21,10,01/12/2013,12, December ,2013
Government,Canada, Paseo , None ,1817,10,20,36,0,36,18,18,01/12/2014,12, December ,2014
Government,Germany, Paseo , None ,1513,10,350,529,0,529,393,136,01/12/2014,12, December ,2014
Government,Mexico, Velo , None ,1493,120,7,10,0,10,7,2,01/01/2014,1, January ,2014
Enterprise,France, Velo , None ,1804,120,125,225,0,225,216,9,01/02/2014,2, February ,2014
Channel Partners,Germany, Velo , None ,2161,120,12,25,0,25,6,19,01/03/2014,3, March ,2014
Government,Germany, Velo , None ,1006,120,350,352,0,352,261,90,01/06/2014,6, June ,2014
Channel Partners,Germany, Velo , None ,1545,120,12,18,0,18,4,13,01/06/2014,6, June ,2014
Enterprise,United States of America, Velo , None ,2821,120,125,352,0,352,338,14,01/08/2014,8, August ,2014
Enterprise,Canada, Velo , None ,345,120,125,43,0,43,41,1,01/10/2013,10, October ,2013
Small Business,Canada, VTT , None ,2001,250,300,600,0,600,500,100,01/02/2014,2, February ,2014
Channel Partners,Germany, VTT , None ,2838,250,12,34,0,34,8,25,01/04/2014,4, April ,2014
Midmarket,France, VTT , None ,2178,250,15,32,0,32,21,10,01/06/2014,6, June ,2014
Midmarket,Germany, VTT , None ,888,250,15,13,0,13,8,4,01/06/2014,6, June ,2014
Government,France, VTT , None ,1527,250,350,534,0,534,397,137,01/09/2013,9, September ,2013
Small Business,France, VTT , None ,2151,250,300,645,0,645,537,107,01/09/2014,9, September ,2014
Government,Canada, VTT , None ,1817,250,20,36,0,36,18,18,01/12/2014,12, December ,2014
Government,France, Amarilla , None ,2750,260,350,962,0,962,715,247,01/02/2014,2, February ,2014
Channel Partners,United States of America, Amarilla , None ,1953,260,12,23,0,23,5,17,01/04/2014,4, April ,2014
Enterprise,Germany, Amarilla , None ,4219,260,125,527,0,527,506,21,01/04/2014,4, April ,2014
Government,France, Amarilla , None ,1899,260,20,37,0,37,18,18,01/06/2014,6, June ,2014
Government,Germany, Amarilla , None ,1686,260,7,11,0,11,8,3,01/07/2014,7, July ,2014
Channel Partners,United States of America, Amarilla , None ,2141,260,12,25,0,25,6,19,01/08/2014,8, August ,2014
Government,United States of America, Amarilla , None ,1143,260,7,8,0,8,5,2,01/10/2014,10, October ,2014
Midmarket,United States of America, Amarilla , None ,615,260,15,9,0,9,6,3,01/12/2014,12, December ,2014
Government,France, Paseo , Low ,3945,10,7,27,276,27,19,7,01/01/2014,1, January ,2014
Midmarket,France, Paseo , Low ,2296,10,15,34,344,34,22,11,01/02/2014,2, February ,2014
Government,France, Paseo , Low ,1030,10,7,7,72,7,5,1,01/05/2014,5, May ,2014
Government,France, Velo , Low ,639,120,7,4,44,4,3,1,01/11/2014,11, November ,2014
Government,Canada, VTT , Low ,1326,250,7,9,92,9,6,2,01/03/2014,3, March ,2014
Channel Partners,United States of America, Carretera , Low ,1858,3,12,22,222,22,5,16,01/02/2014,2, February ,2014
Government,Mexico, Carretera , Low ,1210,3,350,423,4,419,314,104,01/03/2014,3, March ,2014
Government,United States of America, Carretera , Low ,2529,3,7,17,177,17,12,4,01/07/2014,7, July ,2014
Channel Partners,Canada, Carretera , Low ,1445,3,12,17,173,17,4,12,01/09/2014,9, September ,2014
Enterprise,United States of America, Carretera , Low ,330,3,125,41,412,40,39,1,01/09/2013,9, September ,2013
Channel Partners,France, Carretera , Low ,2671,3,12,32,320,31,8,23,01/09/2014,9, September ,2014
Channel Partners,Germany, Carretera , Low ,766,3,12,9,91,9,2,6,01/10/2013,10, October ,2013
Small Business,Mexico, Carretera , Low ,494,3,300,148,1,146,123,23,01/10/2013,10, October ,2013
Government,Mexico, Carretera , Low ,1397,3,350,488,4,484,363,120,01/10/2014,10, October ,2014
Government,France, Carretera , Low ,2155,3,350,754,7,746,560,186,01/12/2014,12, December ,2014
Midmarket,Mexico, Montana , Low ,2214,5,15,33,332,32,22,10,01/03/2014,3, March ,2014
Small Business,United States of America, Montana , Low ,2301,5,300,690,6,683,575,108,01/04/2014,4, April ,2014
Government,France, Montana , Low ,1375,5,20,27,275,27,13,13,01/07/2014,7, July ,2014
Government,Canada, Montana , Low ,1830,5,7,12,128,12,9,3,01/08/2014,8, August ,2014
Small Business,United States of America, Montana , Low ,2498,5,300,749,7,741,624,117,01/09/2013,9, September ,2013
Enterprise,United States of America, Montana , Low ,663,5,125,82,828,82,79,2,01/10/2013,10, October ,2013
Midmarket,United States of America, Paseo , Low ,1514,10,15,22,227,22,15,7,01/02/2014,2, February ,2014
Government,United States of America, Paseo , Low ,4492,10,7,31,314,31,22,8,01/04/2014,4, April ,2014
Enterprise,United States of America, Paseo , Low ,727,10,125,90,908,89,87,2,01/06/2014,6, June ,2014
Enterprise,France, Paseo , Low ,787,10,125,98,983,97,94,2,01/06/2014,6, June ,2014
Enterprise,Mexico, Paseo , Low ,1823,10,125,227,2,225,218,6,01/07/2014,7, July ,2014
Midmarket,Germany, Paseo , Low ,747,10,15,11,112,11,7,3,01/09/2014,9, September ,2014
Channel Partners,Germany, Paseo , Low ,766,10,12,9,91,9,2,6,01/10/2013,10, October ,2013
Small Business,United States of America, Paseo , Low ,2905,10,300,871,8,862,726,136,01/11/2014,11, November ,2014
Government,France, Paseo , Low ,2155,10,350,754,7,746,560,186,01/12/2014,12, December ,2014
Government,France, Velo , Low ,3864,120,20,77,772,76,38,37,01/04/2014,4, April ,2014
Government,Mexico, Velo , Low ,362,120,7,2,25,2,1,698,01/05/2014,5, May ,2014
Enterprise,Canada, Velo , Low ,923,120,125,115,1,114,110,3,01/08/2014,8, August ,2014
Enterprise,United States of America, Velo , Low ,663,120,125,82,828,82,79,2,01/10/2013,10, October ,2013
Government,Canada, Velo , Low ,2092,120,7,14,146,14,10,4,01/11/2013,11, November ,2013
Government,Germany, VTT , Low ,263,250,7,1,18,1,1,507,01/03/2014,3, March ,2014
Government,Canada, VTT , Low ,943,250,350,330,3,326,245,81,01/04/2014,4, April ,2014
Enterprise,United States of America, VTT , Low ,727,250,125,90,908,89,87,2,01/06/2014,6, June ,2014
Enterprise,France, VTT , Low ,787,250,125,98,983,97,94,2,01/06/2014,6, June ,2014
Small Business,Germany, VTT , Low ,986,250,300,295,2,292,246,46,01/09/2014,9, September ,2014
Small Business,Mexico, VTT , Low ,494,250,300,148,1,146,123,23,01/10/2013,10, October ,2013
Government,Mexico, VTT , Low ,1397,250,350,488,4,484,363,120,01/10/2014,10, October ,2014
Enterprise,France, VTT , Low ,1744,250,125,218,2,215,209,6,01/11/2014,11, November ,2014
Channel Partners,United States of America, Amarilla , Low ,1989,260,12,23,238,23,5,17,01/09/2013,9, September ,2013
Midmarket,France, Amarilla , Low ,321,260,15,4,48,4,3,1,01/11/2013,11, November ,2013
Enterprise,Canada, Carretera , Low ,742,3,125,92,1,90,89,1,01/04/2014,4, April ,2014
Channel Partners,Canada, Carretera , Low ,1295,3,12,15,310,15,3,11,01/10/2014,10, October ,2014
Small Business,Germany, Carretera , Low ,214,3,300,64,1,62,53,9,01/10/2013,10, October ,2013
Government,France, Carretera , Low ,2145,3,7,15,300,14,10,3,01/11/2013,11, November ,2013
Government,Canada, Carretera , Low ,2852,3,350,998,19,978,741,236,01/12/2014,12, December ,2014
Channel Partners,United States of America, Montana , Low ,1142,5,12,13,274,13,3,10,01/06/2014,6, June ,2014
Government,United States of America, Montana , Low ,1566,5,20,31,626,30,15,15,01/10/2014,10, October ,2014
Channel Partners,Mexico, Montana , Low ,690,5,12,8,165,8,2,6,01/11/2014,11, November ,2014
Enterprise,Mexico, Montana , Low ,1660,5,125,207,4,203,199,4,01/11/2013,11, November ,2013
Midmarket,Canada, Paseo , Low ,2363,10,15,35,708,34,23,11,01/02/2014,2, February ,2014
Small Business,France, Paseo , Low ,918,10,300,275,5,269,229,40,01/05/2014,5, May ,2014
Small Business,Germany, Paseo , Low ,1728,10,300,518,10,508,432,76,01/05/2014,5, May ,2014
Channel Partners,United States of America, Paseo , Low ,1142,10,12,13,274,13,3,10,01/06/2014,6, June ,2014
Enterprise,Mexico, Paseo , Low ,662,10,125,82,1,81,79,1,01/06/2014,6, June ,2014
Channel Partners,Canada, Paseo , Low ,1295,10,12,15,310,15,3,11,01/10/2014,10, October ,2014
Enterprise,Germany, Paseo , Low ,809,10,125,101,2,99,97,2,01/10/2013,10, October ,2013
Enterprise,Mexico, Paseo , Low ,2145,10,125,268,5,262,257,5,01/10/2013,10, October ,2013
Channel Partners,France, Paseo , Low ,1785,10,12,21,428,20,5,15,01/11/2013,11, November ,2013
Small Business,Canada, Paseo , Low ,1916,10,300,574,11,563,479,84,01/12/2014,12, December ,2014
Government,Canada, Paseo , Low ,2852,10,350,998,19,978,741,236,01/12/2014,12, December ,2014
Enterprise,Canada, Paseo , Low ,2729,10,125,341,6,334,327,6,01/12/2014,12, December ,2014
Midmarket,United States of America, Paseo , Low ,1925,10,15,28,577,28,19,9,01/12/2013,12, December ,2013
Government,United States of America, Paseo , Low ,2013,10,7,14,281,13,10,3,01/12/2013,12, December ,2013
Channel Partners,France, Paseo , Low ,1055,10,12,12,253,12,3,9,01/12/2014,12, December ,2014
Channel Partners,Mexico, Paseo , Low ,1084,10,12,13,260,12,3,9,01/12/2014,12, December ,2014
Government,United States of America, Velo , Low ,1566,120,20,31,626,30,15,15,01/10/2014,10, October ,2014
Government,Germany, Velo , Low ,2966,120,350,1,20,1,771,246,01/10/2013,10, October ,2013
Government,Germany, Velo , Low ,2877,120,350,1,20,986,748,238,01/10/2014,10, October ,2014
Enterprise,Germany, Velo , Low ,809,120,125,101,2,99,97,2,01/10/2013,10, October ,2013
Enterprise,Mexico, Velo , Low ,2145,120,125,268,5,262,257,5,01/10/2013,10, October ,2013
Channel Partners,France, Velo , Low ,1055,120,12,12,253,12,3,9,01/12/2014,12, December ,2014
Government,Mexico, Velo , Low ,544,120,20,10,217,10,5,5,01/12/2013,12, December ,2013
Channel Partners,Mexico, Velo , Low ,1084,120,12,13,260,12,3,9,01/12/2014,12, December ,2014
Enterprise,Mexico, VTT , Low ,662,250,125,82,1,81,79,1,01/06/2014,6, June ,2014
Small Business,Germany, VTT , Low ,214,250,300,64,1,62,53,9,01/10/2013,10, October ,2013
Government,Germany, VTT , Low ,2877,250,350,1,20,986,748,238,01/10/2014,10, October ,2014
Enterprise,Canada, VTT , Low ,2729,250,125,341,6,334,327,6,01/12/2014,12, December ,2014
Government,United States of America, VTT , Low ,266,250,350,93,1,91,69,22,01/12/2013,12, December ,2013
Government,Mexico, VTT , Low ,1940,250,350,679,13,665,504,161,01/12/2013,12, December ,2013
Small Business,Germany, Amarilla , Low ,259,260,300,77,1,76,64,11,01/03/2014,3, March ,2014
Small Business,Mexico, Amarilla , Low ,1101,260,300,330,6,323,275,48,01/03/2014,3, March ,2014
Enterprise,Germany, Amarilla , Low ,2276,260,125,284,5,278,273,5,01/05/2014,5, May ,2014
Government,Germany, Amarilla , Low ,2966,260,350,1,20,1,771,246,01/10/2013,10, October ,2013
Government,United States of America, Amarilla , Low ,1236,260,20,24,494,24,12,11,01/11/2014,11, November ,2014
Government,France, Amarilla , Low ,941,260,20,18,376,18,9,9,01/11/2014,11, November ,2014
Small Business,Canada, Amarilla , Low ,1916,260,300,574,11,563,479,84,01/12/2014,12, December ,2014
Enterprise,France, Carretera , Low ,4243,3,125,530,15,514,509,5,01/04/2014,4, April ,2014
Government,Germany, Carretera , Low ,2580,3,20,51,1,50,25,24,01/04/2014,4, April ,2014
Small Business,Germany, Carretera , Low ,689,3,300,206,6,200,172,28,01/06/2014,6, June ,2014
Channel Partners,United States of America, Carretera , Low ,1947,3,12,23,700,22,5,16,01/09/2014,9, September ,2014
Channel Partners,Canada, Carretera , Low ,908,3,12,10,326,10,2,7,01/12/2013,12, December ,2013
Government,Germany, Montana , Low ,1958,5,7,13,411,13,9,3,01/02/2014,2, February ,2014
Channel Partners,France, Montana , Low ,1901,5,12,22,684,22,5,16,01/06/2014,6, June ,2014
Government,France, Montana , Low ,544,5,7,3,114,3,2,973,01/09/2014,9, September ,2014
Government,Germany, Montana , Low ,1797,5,350,628,18,610,467,142,01/09/2013,9, September ,2013
Enterprise,France, Montana , Low ,1287,5,125,160,4,156,154,1,01/12/2014,12, December ,2014
Enterprise,Germany, Montana , Low ,1706,5,125,213,6,206,204,2,01/12/2014,12, December ,2014
Small Business,France, Paseo , Low ,2434,10,300,730,21,708,608,99,01/01/2014,1, January ,2014
Enterprise,Canada, Paseo , Low ,1774,10,125,221,6,215,212,2,01/03/2014,3, March ,2014
Channel Partners,France, Paseo , Low ,1901,10,12,22,684,22,5,16,01/06/2014,6, June ,2014
Small Business,Germany, Paseo , Low ,689,10,300,206,6,200,172,28,01/06/2014,6, June ,2014
Enterprise,Germany, Paseo , Low ,1570,10,125,196,5,190,188,1,01/06/2014,6, June ,2014
Channel Partners,United States of America, Paseo , Low ,1369,10,12,16,493,15,4,11,01/07/2014,7, July ,2014
Enterprise,Canada, Paseo , Low ,2009,10,125,251,7,243,241,2,01/10/2014,10, October ,2014
Midmarket,Germany, Paseo , Low ,1945,10,15,29,875,28,19,8,01/10/2013,10, October ,2013
Enterprise,France, Paseo , Low ,1287,10,125,160,4,156,154,1,01/12/2014,12, December ,2014
Enterprise,Germany, Paseo , Low ,1706,10,125,213,6,206,204,2,01/12/2014,12, December ,2014
Enterprise,Canada, Velo , Low ,2009,120,125,251,7,243,241,2,01/10/2014,10, October ,2014
Small Business,United States of America, VTT , Low ,2844,250,300,853,25,827,711,116,01/02/2014,2, February ,2014
Channel Partners,Mexico, VTT , Low ,1916,250,12,22,689,22,5,16,01/04/2014,4, April ,2014
Enterprise,Germany, VTT , Low ,1570,250,125,196,5,190,188,1,01/06/2014,6, June ,2014
Small Business,Canada, VTT , Low ,1874,250,300,562,16,545,468,76,01/08/2014,8, August ,2014
Government,Mexico, VTT , Low ,1642,250,350,574,17,557,426,130,01/08/2014,8, August ,2014
Midmarket,Germany, VTT , Low ,1945,250,15,29,875,28,19,8,01/10/2013,10, October ,2013
Government,Canada, Carretera , Low ,831,3,20,16,498,16,8,7,01/05/2014,5, May ,2014
Government,Mexico, Paseo , Low ,1760,10,7,12,369,11,8,3,01/09/2013,9, September ,2013
Government,Canada, Velo , Low ,3850,120,20,77,2,74,38,36,01/04/2014,4, April ,2014
Channel Partners,Germany, VTT , Low ,2479,250,12,29,892,28,7,21,01/01/2014,1, January ,2014
Midmarket,Mexico, Montana , Low ,2031,5,15,30,1,29,20,8,01/10/2014,10, October ,2014
Midmarket,Mexico, Paseo , Low ,2031,10,15,30,1,29,20,8,01/10/2014,10, October ,2014
Midmarket,France, Paseo , Low ,2261,10,15,33,1,32,22,9,01/12/2013,12, December ,2013
Government,United States of America, Velo , Low ,736,120,20,14,588,14,7,6,01/09/2013,9, September ,2013
Government,Canada, Carretera , Low ,2851,3,7,19,798,19,14,4,01/10/2013,10, October ,2013
Small Business,Germany, Carretera , Low ,2021,3,300,606,24,582,505,76,01/10/2014,10, October ,2014
Government,United States of America, Carretera , Low ,274,3,350,95,3,92,71,20,01/12/2014,12, December ,2014
Midmarket,Canada, Montana , Low ,1967,5,15,29,1,28,19,8,01/03/2014,3, March ,2014
Small Business,Germany, Montana , Low ,1859,5,300,557,22,535,464,70,01/08/2014,8, August ,2014
Government,Canada, Montana , Low ,2851,5,7,19,798,19,14,4,01/10/2013,10, October ,2013
Small Business,Germany, Montana , Low ,2021,5,300,606,24,582,505,76,01/10/2014,10, October ,2014
Enterprise,Mexico, Montana , Low ,1138,5,125,142,5,136,136,0,01/12/2014,12, December ,2014
Government,Canada, Paseo , Low ,4251,10,7,29,1,28,21,7,01/01/2014,1, January ,2014
Enterprise,Germany, Paseo , Low ,795,10,125,99,3,95,95,0,01/03/2014,3, March ,2014
Small Business,Germany, Paseo , Low ,1414,10,300,424,16,407,353,53,01/04/2014,4, April ,2014
Small Business,United States of America, Paseo , Low ,2918,10,300,875,35,840,729,110,01/05/2014,5, May ,2014
Government,United States of America, Paseo , Low ,3450,10,350,1,48,1,897,262,01/07/2014,7, July ,2014
Enterprise,France, Paseo , Low ,2988,10,125,373,14,358,358,0,01/07/2014,7, July ,2014
Midmarket,Canada, Paseo , Low ,218,10,15,3,130,3,2,959,01/09/2014,9, September ,2014
Government,Canada, Paseo , Low ,2074,10,20,41,1,39,20,19,01/09/2014,9, September ,2014
Government,United States of America, Paseo , Low ,1056,10,20,21,844,20,10,9,01/09/2014,9, September ,2014
Midmarket,United States of America, Paseo , Low ,671,10,15,10,402,9,6,2,01/10/2013,10, October ,2013
Midmarket,Mexico, Paseo , Low ,1514,10,15,22,908,21,15,6,01/10/2013,10, October ,2013
Government,United States of America, Paseo , Low ,274,10,350,95,3,92,71,20,01/12/2014,12, December ,2014
Enterprise,Mexico, Paseo , Low ,1138,10,125,142,5,136,136,0,01/12/2014,12, December ,2014
Channel Partners,United States of America, Velo , Low ,1465,120,12,17,703,16,4,12,01/03/2014,3, March ,2014
Government,Canada, Velo , Low ,2646,120,20,52,2,50,26,24,01/09/2013,9, September ,2013
Government,France, Velo , Low ,2177,120,350,761,30,731,566,165,01/10/2014,10, October ,2014
Channel Partners,France, VTT , Low ,866,250,12,10,415,9,2,7,01/05/2014,5, May ,2014
Government,United States of America, VTT , Low ,349,250,350,122,4,117,90,26,01/09/2013,9, September ,2013
Government,France, VTT , Low ,2177,250,350,761,30,731,566,165,01/10/2014,10, October ,2014
Midmarket,Mexico, VTT , Low ,1514,250,15,22,908,21,15,6,01/10/2013,10, October ,2013
Government,Mexico, Amarilla , Low ,1865,260,350,652,26,626,484,141,01/02/2014,2, February ,2014
Enterprise,Mexico, Amarilla , Low ,1074,260,125,134,5,128,128,0,01/04/2014,4, April ,2014
Government,Germany, Amarilla , Low ,1907,260,350,667,26,640,495,144,01/09/2014,9, September ,2014
Midmarket,United States of America, Amarilla , Low ,671,260,15,10,402,9,6,2,01/10/2013,10, October ,2013
Government,Canada, Amarilla , Low ,1778,260,350,622,24,597,462,135,01/12/2013,12, December ,2013
Government,Germany, Montana , Medium ,1159,5,7,8,405,7,5,1,01/10/2013,10, October ,2013
Government,Germany, Paseo , Medium ,1372,10,7,9,480,9,6,2,01/01/2014,1, January ,2014
Government,Canada, Paseo , Medium ,2349,10,7,16,822,15,11,3,01/09/2013,9, September ,2013
Government,Mexico, Paseo , Medium ,2689,10,7,18,941,17,13,4,01/10/2014,10, October ,2014
Channel Partners,Canada, Paseo , Medium ,2431,10,12,29,1,27,7,20,01/12/2014,12, December ,2014
Channel Partners,Canada, Velo , Medium ,2431,120,12,29,1,27,7,20,01/12/2014,12, December ,2014
Government,Mexico, VTT , Medium ,2689,250,7,18,941,17,13,4,01/10/2014,10, October ,2014
Government,Mexico, Amarilla , Medium ,1683,260,7,11,589,11,8,2,01/07/2014,7, July ,2014
Channel Partners,Mexico, Amarilla , Medium ,1123,260,12,13,673,12,3,9,01/08/2014,8, August ,2014
Government,Germany, Amarilla , Medium ,1159,260,7,8,405,7,5,1,01/10/2013,10, October ,2013
Channel Partners,France, Carretera , Medium ,1865,3,12,22,1,21,5,15,01/02/2014,2, February ,2014
Channel Partners,Germany, Carretera , Medium ,1116,3,12,13,669,12,3,9,01/02/2014,2, February ,2014
Government,France, Carretera , Medium ,1563,3,20,31,1,29,15,14,01/05/2014,5, May ,2014
Small Business,United States of America, Carretera , Medium ,991,3,300,297,14,282,247,34,01/06/2014,6, June ,2014
Government,Germany, Carretera , Medium ,1016,3,7,7,355,6,5,1,01/11/2013,11, November ,2013
Midmarket,Mexico, Carretera , Medium ,2791,3,15,41,2,39,27,11,01/11/2014,11, November ,2014
Government,United States of America, Carretera , Medium ,570,3,7,3,199,3,2,940,01/12/2014,12, December ,2014
Government,France, Carretera , Medium ,2487,3,7,17,870,16,12,4,01/12/2014,12, December ,2014
Government,France, Montana , Medium ,1384,5,350,484,24,460,359,100,01/01/2014,1, January ,2014
Enterprise,United States of America, Montana , Medium ,3627,5,125,453,22,430,435,4,01/07/2014,7, July ,2014
Government,Mexico, Montana , Medium ,720,5,350,252,12,239,187,52,01/09/2013,9, September ,2013
Channel Partners,Germany, Montana , Medium ,2342,5,12,28,1,26,7,19,01/11/2014,11, November ,2014
Small Business,Mexico, Montana , Medium ,1100,5,300,330,16,313,275,38,01/12/2013,12, December ,2013
Government,France, Paseo , Medium ,1303,10,20,26,1,24,13,11,01/02/2014,2, February ,2014
Enterprise,United States of America, Paseo , Medium ,2992,10,125,374,18,355,359,3,01/03/2014,3, March ,2014
Enterprise,France, Paseo , Medium ,2385,10,125,298,14,283,286,2,01/03/2014,3, March ,2014
Small Business,Mexico, Paseo , Medium ,1607,10,300,482,24,457,401,56,01/04/2014,4, April ,2014
Government,United States of America, Paseo , Medium ,2327,10,7,16,814,15,11,3,01/05/2014,5, May ,2014
Small Business,United States of America, Paseo , Medium ,991,10,300,297,14,282,247,34,01/06/2014,6, June ,2014
Government,United States of America, Paseo , Medium ,602,10,350,210,10,200,156,43,01/06/2014,6, June ,2014
Midmarket,France, Paseo , Medium ,2620,10,15,39,1,37,26,11,01/09/2014,9, September ,2014
Government,Canada, Paseo , Medium ,1228,10,350,429,21,408,319,89,01/10/2013,10, October ,2013
Government,Canada, Paseo , Medium ,1389,10,20,27,1,26,13,12,01/10/2013,10, October ,2013
Enterprise,United States of America, Paseo , Medium ,861,10,125,107,5,102,103,1,01/10/2014,10, October ,2014
Enterprise,France, Paseo , Medium ,704,10,125,88,4,83,84,880,01/10/2013,10, October ,2013
Government,Canada, Paseo , Medium ,1802,10,20,36,1,34,18,16,01/12/2013,12, December ,2013
Government,United States of America, Paseo , Medium ,2663,10,20,53,2,50,26,23,01/12/2014,12, December ,2014
Government,France, Paseo , Medium ,2136,10,7,14,747,14,10,3,01/12/2013,12, December ,2013
Midmarket,Germany, Paseo , Medium ,2116,10,15,31,1,30,21,8,01/12/2013,12, December ,2013
Midmarket,United States of America, Velo , Medium ,555,120,15,8,416,7,5,2,01/01/2014,1, January ,2014
Midmarket,Mexico, Velo , Medium ,2861,120,15,42,2,40,28,12,01/01/2014,1, January ,2014
Enterprise,Germany, Velo , Medium ,807,120,125,100,5,95,96,1,01/02/2014,2, February ,2014
Government,United States of America, Velo , Medium ,602,120,350,210,10,200,156,43,01/06/2014,6, June ,2014
Government,United States of America, Velo , Medium ,2832,120,20,56,2,53,28,25,01/08/2014,8, August ,2014
Government,France, Velo , Medium ,1579,120,20,31,1,30,15,14,01/08/2014,8, August ,2014
Enterprise,United States of America, Velo , Medium ,861,120,125,107,5,102,103,1,01/10/2014,10, October ,2014
Enterprise,France, Velo , Medium ,704,120,125,88,4,83,84,880,01/10/2013,10, October ,2013
Government,France, Velo , Medium ,1033,120,20,20,1,19,10,9,01/12/2013,12, December ,2013
Small Business,Germany, Velo , Medium ,1250,120,300,375,18,356,312,43,01/12/2014,12, December ,2014
Government,Canada, VTT , Medium ,1389,250,20,27,1,26,13,12,01/10/2013,10, October ,2013
Government,United States of America, VTT , Medium ,1265,250,20,25,1,24,12,11,01/11/2013,11, November ,2013
Government,Germany, VTT , Medium ,2297,250,20,45,2,43,22,20,01/11/2013,11, November ,2013
Government,United States of America, VTT , Medium ,2663,250,20,53,2,50,26,23,01/12/2014,12, December ,2014
Government,United States of America, VTT , Medium ,570,250,7,3,199,3,2,940,01/12/2014,12, December ,2014
Government,France, VTT , Medium ,2487,250,7,17,870,16,12,4,01/12/2014,12, December ,2014
Government,Germany, Amarilla , Medium ,1350,260,350,472,23,448,351,97,01/02/2014,2, February ,2014
Government,Canada, Amarilla , Medium ,552,260,350,193,9,183,143,40,01/08/2014,8, August ,2014
Government,Canada, Amarilla , Medium ,1228,260,350,429,21,408,319,89,01/10/2013,10, October ,2013
Small Business,Germany, Amarilla , Medium ,1250,260,300,375,18,356,312,43,01/12/2014,12, December ,2014
Midmarket,France, Paseo , Medium ,3801,10,15,57,3,53,38,15,01/04/2014,4, April ,2014
Government,United States of America, Carretera , Medium ,1117,3,20,22,1,21,11,9,01/01/2014,1, January ,2014
Midmarket,Canada, Carretera , Medium ,2844,3,15,42,2,40,28,11,01/06/2014,6, June ,2014
Channel Partners,Mexico, Carretera , Medium ,562,3,12,6,404,6,1,4,01/09/2014,9, September ,2014
Channel Partners,Canada, Carretera , Medium ,2299,3,12,27,1,25,6,19,01/10/2013,10, October ,2013
Midmarket,United States of America, Carretera , Medium ,2030,3,15,30,1,28,20,8,01/11/2014,11, November ,2014
Government,United States of America, Carretera , Medium ,263,3,7,1,110,1,1,415,01/11/2013,11, November ,2013
Enterprise,Germany, Carretera , Medium ,887,3,125,110,6,104,106,2,01/12/2013,12, December ,2013
Government,Mexico, Montana , Medium ,980,5,350,343,20,322,254,67,01/04/2014,4, April ,2014
Government,Germany, Montana , Medium ,1460,5,350,511,30,480,379,100,01/05/2014,5, May ,2014
Government,France, Montana , Medium ,1403,5,7,9,589,9,7,2,01/10/2013,10, October ,2013
Channel Partners,United States of America, Montana , Medium ,2723,5,12,32,1,30,8,22,01/11/2014,11, November ,2014
Government,France, Paseo , Medium ,1496,10,350,523,31,492,388,103,01/06/2014,6, June ,2014
Channel Partners,Canada, Paseo , Medium ,2299,10,12,27,1,25,6,19,01/10/2013,10, October ,2013
Government,United States of America, Paseo , Medium ,727,10,350,254,15,239,189,50,01/10/2013,10, October ,2013
Enterprise,Canada, Velo , Medium ,952,120,125,119,7,111,114,2,01/02/2014,2, February ,2014
Enterprise,United States of America, Velo , Medium ,2755,120,125,344,20,323,330,6,01/02/2014,2, February ,2014
Midmarket,Germany, Velo , Medium ,1530,120,15,22,1,21,15,6,01/05/2014,5, May ,2014
Government,France, Velo , Medium ,1496,120,350,523,31,492,388,103,01/06/2014,6, June ,2014
Government,Mexico, Velo , Medium ,1498,120,7,10,629,9,7,2,01/06/2014,6, June ,2014
Small Business,France, Velo , Medium ,1221,120,300,366,21,344,305,39,01/10/2013,10, October ,2013
Government,France, Velo , Medium ,2076,120,350,726,43,683,539,143,01/10/2013,10, October ,2013
Midmarket,Canada, VTT , Medium ,2844,250,15,42,2,40,28,11,01/06/2014,6, June ,2014
Government,Mexico, VTT , Medium ,1498,250,7,10,629,9,7,2,01/06/2014,6, June ,2014
Small Business,France, VTT , Medium ,1221,250,300,366,21,344,305,39,01/10/2013,10, October ,2013
Government,Mexico, VTT , Medium ,1123,250,20,22,1,21,11,9,01/11/2013,11, November ,2013
Small Business,Canada, VTT , Medium ,2436,250,300,730,43,686,609,77,01/12/2013,12, December ,2013
Enterprise,France, Amarilla , Medium ,1987,260,125,248,14,233,238,4,01/01/2014,1, January ,2014
Government,Mexico, Amarilla , Medium ,1679,260,350,587,35,552,436,115,01/09/2014,9, September ,2014
Government,United States of America, Amarilla , Medium ,727,260,350,254,15,239,189,50,01/10/2013,10, October ,2013
Government,France, Amarilla , Medium ,1403,260,7,9,589,9,7,2,01/10/2013,10, October ,2013
Government,France, Amarilla , Medium ,2076,260,350,726,43,683,539,143,01/10/2013,10, October ,2013
Government,France, Montana , Medium ,1757,5,20,35,2,33,17,15,01/10/2013,10, October ,2013
Midmarket,United States of America, Paseo , Medium ,2198,10,15,32,1,30,21,9,01/08/2014,8, August ,2014
Midmarket,Germany, Paseo , Medium ,1743,10,15,26,1,24,17,7,01/08/2014,8, August ,2014
Midmarket,United States of America, Paseo , Medium ,1153,10,15,17,1,16,11,4,01/10/2014,10, October ,2014
Government,France, Paseo , Medium ,1757,10,20,35,2,33,17,15,01/10/2013,10, October ,2013
Government,Germany, Velo , Medium ,1001,120,20,20,1,18,10,8,01/08/2014,8, August ,2014
Government,Mexico, Velo , Medium ,1333,120,7,9,559,8,6,2,01/11/2014,11, November ,2014
Midmarket,United States of America, VTT , Medium ,1153,250,15,17,1,16,11,4,01/10/2014,10, October ,2014
Channel Partners,Mexico, Carretera , Medium ,727,3,12,8,610,8,2,5,01/02/2014,2, February ,2014
Channel Partners,Canada, Carretera , Medium ,1884,3,12,22,1,21,5,15,01/08/2014,8, August ,2014
Government,Mexico, Carretera , Medium ,1834,3,20,36,2,34,18,15,01/09/2013,9, September ,2013
Channel Partners,Mexico, Montana , Medium ,2340,5,12,28,1,26,7,19,01/01/2014,1, January ,2014
Channel Partners,France, Montana , Medium ,2342,5,12,28,1,26,7,19,01/11/2014,11, November ,2014
Government,France, Paseo , Medium ,1031,10,7,7,505,6,5,1,01/09/2013,9, September ,2013
Midmarket,Canada, Velo , Medium ,1262,120,15,18,1,17,12,4,01/05/2014,5, May ,2014
Government,Canada, Velo , Medium ,1135,120,7,7,556,7,5,1,01/06/2014,6, June ,2014
Government,United States of America, Velo , Medium ,547,120,7,3,268,3,2,825,01/11/2014,11, November ,2014
Government,Canada, Velo , Medium ,1582,120,7,11,775,10,7,2,01/12/2014,12, December ,2014
Channel Partners,France, VTT , Medium ,1738,250,12,20,1,19,5,14,01/04/2014,4, April ,2014
Channel Partners,Germany, VTT , Medium ,2215,250,12,26,1,24,6,18,01/09/2013,9, September ,2013
Government,Canada, VTT , Medium ,1582,250,7,11,775,10,7,2,01/12/2014,12, December ,2014
Government,Canada, Amarilla , Medium ,1135,260,7,7,556,7,5,1,01/06/2014,6, June ,2014
Government,United States of America, Carretera , Medium ,1761,3,350,616,43,573,457,115,01/03/2014,3, March ,2014
Small Business,France, Carretera , Medium ,448,3,300,134,9,124,112,12,01/06/2014,6, June ,2014
Small Business,France, Carretera , Medium ,2181,3,300,654,45,608,545,63,01/10/2014,10, October ,2014
Government,France, Montana , Medium ,1976,5,20,39,2,36,19,16,01/10/2014,10, October ,2014
Small Business,France, Montana , Medium ,2181,5,300,654,45,608,545,63,01/10/2014,10, October ,2014
Enterprise,Germany, Montana , Medium ,2500,5,125,312,21,290,300,9,01/11/2013,11, November ,2013
Small Business,Canada, Paseo , Medium ,1702,10,300,510,35,474,425,49,01/05/2014,5, May ,2014
Small Business,France, Paseo , Medium ,448,10,300,134,9,124,112,12,01/06/2014,6, June ,2014
Enterprise,Germany, Paseo , Medium ,3513,10,125,439,30,408,421,13,01/07/2014,7, July ,2014
Midmarket,France, Paseo , Medium ,2101,10,15,31,2,29,21,8,01/08/2014,8, August ,2014
Midmarket,United States of America, Paseo , Medium ,2931,10,15,43,3,40,29,11,01/09/2013,9, September ,2013
Government,France, Paseo , Medium ,1535,10,20,30,2,28,15,13,01/09/2014,9, September ,2014
Small Business,Germany, Paseo , Medium ,1123,10,300,336,23,313,280,32,01/09/2013,9, September ,2013
Small Business,Canada, Paseo , Medium ,1404,10,300,421,29,391,351,40,01/11/2013,11, November ,2013
Channel Partners,Mexico, Paseo , Medium ,2763,10,12,33,2,30,8,22,01/11/2013,11, November ,2013
Government,Germany, Paseo , Medium ,2125,10,7,14,1,13,10,3,01/12/2013,12, December ,2013
Small Business,France, Velo , Medium ,1659,120,300,497,34,462,414,48,01/07/2014,7, July ,2014
Government,Mexico, Velo , Medium ,609,120,20,12,852,11,6,5,01/08/2014,8, August ,2014
Enterprise,Germany, Velo , Medium ,2087,120,125,260,18,242,250,7,01/09/2014,9, September ,2014
Government,France, Velo , Medium ,1976,120,20,39,2,36,19,16,01/10/2014,10, October ,2014
Government,United States of America, Velo , Medium ,1421,120,20,28,1,26,14,12,01/12/2013,12, December ,2013
Small Business,United States of America, Velo , Medium ,1372,120,300,411,28,382,343,39,01/12/2014,12, December ,2014
Government,Germany, Velo , Medium ,588,120,20,11,823,10,5,5,01/12/2013,12, December ,2013
Channel Partners,Canada, VTT , Medium ,3244,250,12,38,2,36,9,26,01/01/2014,1, January ,2014
Small Business,France, VTT , Medium ,959,250,300,287,20,267,239,27,01/02/2014,2, February ,2014
Small Business,Mexico, VTT , Medium ,2747,250,300,824,57,766,686,79,01/02/2014,2, February ,2014
Enterprise,Canada, Amarilla , Medium ,1645,260,125,205,14,191,197,6,01/05/2014,5, May ,2014
Government,France, Amarilla , Medium ,2876,260,350,1,70,936,747,188,01/09/2014,9, September ,2014
Enterprise,Germany, Amarilla , Medium ,994,260,125,124,8,115,119,3,01/09/2013,9, September ,2013
Government,Canada, Amarilla , Medium ,1118,260,20,22,1,20,11,9,01/11/2014,11, November ,2014
Small Business,United States of America, Amarilla , Medium ,1372,260,300,411,28,382,343,39,01/12/2014,12, December ,2014
Government,Canada, Montana , Medium ,488,5,7,3,273,3,2,702,01/02/2014,2, February ,2014
Government,United States of America, Montana , Medium ,1282,5,20,25,2,23,12,10,01/06/2014,6, June ,2014
Government,Canada, Paseo , Medium ,257,10,7,1,143,1,1,370,01/05/2014,5, May ,2014
Government,United States of America, Amarilla , Medium ,1282,260,20,25,2,23,12,10,01/06/2014,6, June ,2014
Enterprise,Mexico, Carretera , Medium ,1540,3,125,192,15,177,184,7,01/08/2014,8, August ,2014
Midmarket,France, Carretera , Medium ,490,3,15,7,588,6,4,1,01/11/2014,11, November ,2014
Government,Mexico, Carretera , Medium ,1362,3,350,476,38,438,354,84,01/12/2014,12, December ,2014
Midmarket,France, Montana , Medium ,2501,5,15,37,3,34,25,9,01/03/2014,3, March ,2014
Government,Canada, Montana , Medium ,708,5,20,14,1,13,7,5,01/06/2014,6, June ,2014
Government,Germany, Montana , Medium ,645,5,20,12,1,11,6,5,01/07/2014,7, July ,2014
Small Business,France, Montana , Medium ,1562,5,300,468,37,431,390,40,01/08/2014,8, August ,2014
Small Business,Canada, Montana , Medium ,1283,5,300,384,30,354,320,33,01/09/2013,9, September ,2013
Midmarket,Germany, Montana , Medium ,711,5,15,10,853,9,7,2,01/12/2014,12, December ,2014
Enterprise,Mexico, Paseo , Medium ,1114,10,125,139,11,128,133,5,01/03/2014,3, March ,2014
Government,Germany, Paseo , Medium ,1259,10,7,8,705,8,6,1,01/04/2014,4, April ,2014
Government,Germany, Paseo , Medium ,1095,10,7,7,613,7,5,1,01/05/2014,5, May ,2014
Government,Germany, Paseo , Medium ,1366,10,20,27,2,25,13,11,01/06/2014,6, June ,2014
Small Business,Mexico, Paseo , Medium ,2460,10,300,738,59,678,615,63,01/06/2014,6, June ,2014
Government,United States of America, Paseo , Medium ,678,10,7,4,379,4,3,976,01/08/2014,8, August ,2014
Government,Germany, Paseo , Medium ,1598,10,7,11,894,10,7,2,01/08/2014,8, August ,2014
Government,Germany, Paseo , Medium ,2409,10,7,16,1,15,12,3,01/09/2013,9, September ,2013
Government,Germany, Paseo , Medium ,1934,10,20,38,3,35,19,16,01/09/2014,9, September ,2014
Government,Mexico, Paseo , Medium ,2993,10,20,59,4,55,29,25,01/09/2014,9, September ,2014
Government,Germany, Paseo , Medium ,2146,10,350,751,60,691,557,133,01/11/2013,11, November ,2013
Government,Mexico, Paseo , Medium ,1946,10,7,13,1,12,9,2,01/12/2013,12, December ,2013
Government,Mexico, Paseo , Medium ,1362,10,350,476,38,438,354,84,01/12/2014,12, December ,2014
Channel Partners,Canada, Velo , Medium ,598,120,12,7,574,6,1,4,01/03/2014,3, March ,2014
Government,United States of America, Velo , Medium ,2907,120,7,20,1,18,14,4,01/06/2014,6, June ,2014
Government,Germany, Velo , Medium ,2338,120,7,16,1,15,11,3,01/06/2014,6, June ,2014
Small Business,France, Velo , Medium ,386,120,300,115,9,106,96,10,01/11/2013,11, November ,2013
Small Business,Mexico, Velo , Medium ,635,120,300,190,15,175,158,16,01/12/2014,12, December ,2014
Government,France, VTT , Medium ,574,250,350,201,16,184,149,35,01/04/2014,4, April ,2014
Government,Germany, VTT , Medium ,2338,250,7,16,1,15,11,3,01/06/2014,6, June ,2014
Government,France, VTT , Medium ,381,250,350,133,10,122,99,23,01/08/2014,8, August ,2014
Government,Germany, VTT , Medium ,422,250,350,147,11,135,109,26,01/08/2014,8, August ,2014
Small Business,Canada, VTT , Medium ,2134,250,300,640,51,588,533,55,01/09/2014,9, September ,2014
Small Business,United States of America, VTT , Medium ,808,250,300,242,19,223,202,21,01/12/2013,12, December ,2013
Government,Canada, Amarilla , Medium ,708,260,20,14,1,13,7,5,01/06/2014,6, June ,2014
Government,United States of America, Amarilla , Medium ,2907,260,7,20,1,18,14,4,01/06/2014,6, June ,2014
Government,Germany, Amarilla , Medium ,1366,260,20,27,2,25,13,11,01/06/2014,6, June ,2014
Small Business,Mexico, Amarilla , Medium ,2460,260,300,738,59,678,615,63,01/06/2014,6, June ,2014
Government,Germany, Amarilla , Medium ,1520,260,20,30,2,27,15,12,01/11/2014,11, November ,2014
Midmarket,Germany, Amarilla , Medium ,711,260,15,10,853,9,7,2,01/12/2014,12, December ,2014
Channel Partners,Mexico, Amarilla , Medium ,1375,260,12,16,1,15,4,11,01/12/2013,12, December ,2013
Small Business,Mexico, Amarilla , Medium ,635,260,300,190,15,175,158,16,01/12/2014,12, December ,2014
Government,United States of America, VTT , Medium ,436,250,20,8,698,8,4,3,01/07/2014,7, July ,2014
Small Business,Canada, Carretera , Medium ,1094,3,300,328,29,298,273,25,01/06/2014,6, June ,2014
Channel Partners,Mexico, Carretera , Medium ,367,3,12,4,396,4,1,2,01/10/2013,10, October ,2013
Small Business,Canada, Montana , Medium ,3802,5,300,1,102,1,950,87,01/04/2014,4, April ,2014
Government,France, Montana , Medium ,1666,5,350,583,52,530,433,97,01/05/2014,5, May ,2014
Small Business,France, Montana , Medium ,322,5,300,96,8,87,80,7,01/09/2013,9, September ,2013
Channel Partners,Canada, Montana , Medium ,2321,5,12,27,2,25,6,18,01/11/2014,11, November ,2014
Enterprise,France, Montana , Medium ,1857,5,125,232,20,211,222,11,01/11/2013,11, November ,2013
Government,Canada, Montana , Medium ,1611,5,7,11,1,10,8,2,01/12/2013,12, December ,2013
Enterprise,United States of America, Montana , Medium ,2797,5,125,349,31,318,335,17,01/12/2014,12, December ,2014
Small Business,Germany, Montana , Medium ,334,5,300,100,9,91,83,7,01/12/2013,12, December ,2013
Small Business,Mexico, Paseo , Medium ,2565,10,300,769,69,700,641,58,01/01/2014,1, January ,2014
Government,Mexico, Paseo , Medium ,2417,10,350,845,76,769,628,141,01/01/2014,1, January ,2014
Midmarket,United States of America, Paseo , Medium ,3675,10,15,55,4,50,36,13,01/04/2014,4, April ,2014
Small Business,Canada, Paseo , Medium ,1094,10,300,328,29,298,273,25,01/06/2014,6, June ,2014
Midmarket,France, Paseo , Medium ,1227,10,15,18,1,16,12,4,01/10/2014,10, October ,2014
Channel Partners,Mexico, Paseo , Medium ,367,10,12,4,396,4,1,2,01/10/2013,10, October ,2013
Small Business,France, Paseo , Medium ,1324,10,300,397,35,361,331,30,01/11/2014,11, November ,2014
Channel Partners,Germany, Paseo , Medium ,1775,10,12,21,1,19,5,14,01/11/2013,11, November ,2013
Enterprise,United States of America, Paseo , Medium ,2797,10,125,349,31,318,335,17,01/12/2014,12, December ,2014
Midmarket,Mexico, Velo , Medium ,245,120,15,3,330,3,2,894,01/05/2014,5, May ,2014
Small Business,Canada, Velo , Medium ,3793,120,300,1,102,1,948,87,01/07/2014,7, July ,2014
Government,Germany, Velo , Medium ,1307,120,350,457,41,416,339,76,01/07/2014,7, July ,2014
Enterprise,Canada, Velo , Medium ,567,120,125,70,6,64,68,3,01/09/2014,9, September ,2014
Enterprise,Mexico, Velo , Medium ,2110,120,125,263,23,240,253,13,01/09/2014,9, September ,2014
Government,Canada, Velo , Medium ,1269,120,350,444,39,404,329,74,01/10/2014,10, October ,2014
Channel Partners,United States of America, VTT , Medium ,1956,250,12,23,2,21,5,15,01/01/2014,1, January ,2014
Small Business,Germany, VTT , Medium ,2659,250,300,797,71,725,664,61,01/02/2014,2, February ,2014
Government,United States of America, VTT , Medium ,1351,250,350,473,42,430,351,79,01/04/2014,4, April ,2014
Channel Partners,Germany, VTT , Medium ,880,250,12,10,950,9,2,6,01/05/2014,5, May ,2014
Small Business,United States of America, VTT , Medium ,1867,250,300,560,50,509,466,42,01/09/2014,9, September ,2014
Channel Partners,France, VTT , Medium ,2234,250,12,26,2,24,6,17,01/09/2013,9, September ,2013
Midmarket,France, VTT , Medium ,1227,250,15,18,1,16,12,4,01/10/2014,10, October ,2014
Enterprise,Mexico, VTT , Medium ,877,250,125,109,9,99,105,5,01/11/2014,11, November ,2014
Government,United States of America, Amarilla , Medium ,2071,260,350,724,65,659,538,121,01/09/2014,9, September ,2014
Government,Canada, Amarilla , Medium ,1269,260,350,444,39,404,329,74,01/10/2014,10, October ,2014
Midmarket,Germany, Amarilla , Medium ,970,260,15,14,1,13,9,3,01/11/2013,11, November ,2013
Government,Mexico, Amarilla , Medium ,1694,260,20,33,3,30,16,13,01/11/2014,11, November ,2014
Government,Germany, Carretera , Medium ,663,3,20,13,1,12,6,5,01/05/2014,5, May ,2014
Government,Canada, Carretera , Medium ,819,3,7,5,515,5,4,1,01/07/2014,7, July ,2014
Channel Partners,Germany, Carretera , Medium ,1580,3,12,18,1,17,4,12,01/09/2014,9, September ,2014
Government,Mexico, Carretera , Medium ,521,3,7,3,328,3,2,713,01/12/2014,12, December ,2014
Government,United States of America, Paseo , Medium ,973,10,20,19,1,17,9,7,01/03/2014,3, March ,2014
Government,Mexico, Paseo , Medium ,1038,10,20,20,1,18,10,8,01/06/2014,6, June ,2014
Government,Germany, Paseo , Medium ,360,10,7,2,226,2,1,493,01/10/2014,10, October ,2014
Channel Partners,France, Velo , Medium ,1967,120,12,23,2,21,5,15,01/03/2014,3, March ,2014
Midmarket,Mexico, Velo , Medium ,2628,120,15,39,3,35,26,9,01/04/2014,4, April ,2014
Government,Germany, VTT , Medium ,360,250,7,2,226,2,1,493,01/10/2014,10, October ,2014
Government,France, VTT , Medium ,2682,250,20,53,4,48,26,21,01/11/2013,11, November ,2013
Government,Mexico, VTT , Medium ,521,250,7,3,328,3,2,713,01/12/2014,12, December ,2014
Government,Mexico, Amarilla , Medium ,1038,260,20,20,1,18,10,8,01/06/2014,6, June ,2014
Midmarket,Canada, Amarilla , Medium ,1630,260,15,24,2,22,16,5,01/07/2014,7, July ,2014
Channel Partners,France, Amarilla , Medium ,306,260,12,3,330,3,918,2,01/12/2013,12, December ,2013
Channel Partners,United States of America, Carretera , High ,386,3,12,4,463,4,1,3,01/10/2013,10, October ,2013
Government,United States of America, Montana , High ,2328,5,7,16,1,14,11,3,01/09/2014,9, September ,2014
Channel Partners,United States of America, Paseo , High ,386,10,12,4,463,4,1,3,01/10/2013,10, October ,2013
Enterprise,United States of America, Carretera , High ,3445,3,125,430,43,387,413,25,01/04/2014,4, April ,2014
Enterprise,France, Carretera , High ,1482,3,125,185,18,166,177,11,01/12/2013,12, December ,2013
Government,United States of America, Montana , High ,2313,5,350,809,80,728,601,127,01/05/2014,5, May ,2014
Enterprise,United States of America, Montana , High ,1804,5,125,225,22,202,216,13,01/11/2013,11, November ,2013
Midmarket,France, Montana , High ,2072,5,15,31,3,27,20,7,01/12/2014,12, December ,2014
Government,France, Paseo , High ,1954,10,20,39,3,35,19,15,01/03/2014,3, March ,2014
Small Business,Mexico, Paseo , High ,591,10,300,177,17,159,147,11,01/05/2014,5, May ,2014
Midmarket,France, Paseo , High ,2167,10,15,32,3,29,21,7,01/10/2013,10, October ,2013
Government,Germany, Paseo , High ,241,10,20,4,482,4,2,1,01/10/2014,10, October ,2014
Midmarket,Germany, Velo , High ,681,120,15,10,1,9,6,2,01/01/2014,1, January ,2014
Midmarket,Germany, Velo , High ,510,120,15,7,765,6,5,1,01/04/2014,4, April ,2014
Midmarket,United States of America, Velo , High ,790,120,15,11,1,10,7,2,01/05/2014,5, May ,2014
Government,France, Velo , High ,639,120,350,223,22,201,166,35,01/07/2014,7, July ,2014
Enterprise,United States of America, Velo , High ,1596,120,125,199,19,179,191,11,01/09/2014,9, September ,2014
Small Business,United States of America, Velo , High ,2294,120,300,688,68,619,573,45,01/10/2013,10, October ,2013
Government,Germany, Velo , High ,241,120,20,4,482,4,2,1,01/10/2014,10, October ,2014
Government,Germany, Velo , High ,2665,120,7,18,1,16,13,3,01/11/2014,11, November ,2014
Enterprise,Canada, Velo , High ,1916,120,125,239,23,215,229,14,01/12/2013,12, December ,2013
Small Business,France, Velo , High ,853,120,300,255,25,230,213,17,01/12/2014,12, December ,2014
Enterprise,Mexico, VTT , High ,341,250,125,42,4,38,40,2,01/05/2014,5, May ,2014
Midmarket,Mexico, VTT , High ,641,250,15,9,961,8,6,2,01/07/2014,7, July ,2014
Government,United States of America, VTT , High ,2807,250,350,982,98,884,729,154,01/08/2014,8, August ,2014
Small Business,Mexico, VTT , High ,432,250,300,129,12,116,108,8,01/09/2014,9, September ,2014
Small Business,United States of America, VTT , High ,2294,250,300,688,68,619,573,45,01/10/2013,10, October ,2013
Midmarket,France, VTT , High ,2167,250,15,32,3,29,21,7,01/10/2013,10, October ,2013
Enterprise,Canada, VTT , High ,2529,250,125,316,31,284,303,18,01/11/2014,11, November ,2014
Government,Germany, VTT , High ,1870,250,350,654,65,589,486,102,01/12/2013,12, December ,2013
Enterprise,United States of America, Amarilla , High ,579,260,125,72,7,65,69,4,01/01/2014,1, January ,2014
Government,Canada, Amarilla , High ,2240,260,350,784,78,705,582,123,01/02/2014,2, February ,2014
Small Business,United States of America, Amarilla , High ,2993,260,300,897,89,808,748,59,01/03/2014,3, March ,2014
Channel Partners,Canada, Amarilla , High ,3520,260,12,42,4,38,10,27,01/04/2014,4, April ,2014
Government,Mexico, Amarilla , High ,2039,260,20,40,4,36,20,16,01/05/2014,5, May ,2014
Channel Partners,Germany, Amarilla , High ,2574,260,12,30,3,27,7,20,01/08/2014,8, August ,2014
Government,Canada, Amarilla , High ,707,260,350,247,24,222,183,38,01/09/2014,9, September ,2014
Midmarket,France, Amarilla , High ,2072,260,15,31,3,27,20,7,01/12/2014,12, December ,2014
Small Business,France, Amarilla , High ,853,260,300,255,25,230,213,17,01/12/2014,12, December ,2014
Channel Partners,France, Carretera , High ,1198,3,12,14,1,12,3,9,01/10/2013,10, October ,2013
Government,France, Paseo , High ,2532,10,7,17,1,15,12,3,01/04/2014,4, April ,2014
Channel Partners,France, Paseo , High ,1198,10,12,14,1,12,3,9,01/10/2013,10, October ,2013
Midmarket,Canada, Velo , High ,384,120,15,5,633,5,3,1,01/01/2014,1, January ,2014
Channel Partners,Germany, Velo , High ,472,120,12,5,623,5,1,3,01/10/2014,10, October ,2014
Government,United States of America, VTT , High ,1579,250,7,11,1,9,7,1,01/03/2014,3, March ,2014
Channel Partners,Mexico, VTT , High ,1005,250,12,12,1,10,3,7,01/09/2013,9, September ,2013
Midmarket,United States of America, Amarilla , High ,3199,260,15,47,5,42,31,10,01/07/2014,7, July ,2014
Channel Partners,Germany, Amarilla , High ,472,260,12,5,623,5,1,3,01/10/2014,10, October ,2014
Channel Partners,Canada, Carretera , High ,1937,3,12,23,2,20,5,14,01/02/2014,2, February ,2014
Government,Germany, Carretera , High ,792,3,350,277,30,246,205,40,01/03/2014,3, March ,2014
Small Business,Germany, Carretera , High ,2811,3,300,843,92,750,702,47,01/07/2014,7, July ,2014
Enterprise,France, Carretera , High ,2441,3,125,305,33,271,292,21,01/10/2014,10, October ,2014
Midmarket,Canada, Carretera , High ,1560,3,15,23,2,20,15,5,01/11/2013,11, November ,2013
Government,Mexico, Carretera , High ,2706,3,7,18,2,16,13,3,01/11/2013,11, November ,2013
Government,Germany, Montana , High ,766,5,350,268,29,238,199,39,01/01/2014,1, January ,2014
Government,Germany, Montana , High ,2992,5,20,59,6,53,29,23,01/10/2013,10, October ,2013
Midmarket,Mexico, Montana , High ,2157,5,15,32,3,28,21,7,01/12/2014,12, December ,2014
Small Business,Canada, Paseo , High ,873,10,300,261,28,233,218,14,01/01/2014,1, January ,2014
Government,Mexico, Paseo , High ,1122,10,20,22,2,19,11,8,01/03/2014,3, March ,2014
Government,Canada, Paseo , High ,2104,10,350,736,81,655,547,108,01/07/2014,7, July ,2014
Channel Partners,Canada, Paseo , High ,4026,10,12,48,5,42,12,30,01/07/2014,7, July ,2014
Channel Partners,France, Paseo , High ,2425,10,12,29,3,25,7,18,01/07/2014,7, July ,2014
Government,Canada, Paseo , High ,2394,10,20,47,5,42,23,18,01/08/2014,8, August ,2014
Midmarket,Mexico, Paseo , High ,1984,10,15,29,3,26,19,6,01/08/2014,8, August ,2014
Enterprise,France, Paseo , High ,2441,10,125,305,33,271,292,21,01/10/2014,10, October ,2014
Government,Germany, Paseo , High ,2992,10,20,59,6,53,29,23,01/10/2013,10, October ,2013
Small Business,Canada, Paseo , High ,1366,10,300,409,45,364,341,23,01/11/2014,11, November ,2014
Government,France, Velo , High ,2805,120,20,56,6,49,28,21,01/09/2013,9, September ,2013
Midmarket,Mexico, Velo , High ,655,120,15,9,1,8,6,2,01/09/2013,9, September ,2013
Government,Mexico, Velo , High ,344,120,350,120,13,107,89,17,01/10/2013,10, October ,2013
Government,Canada, Velo , High ,1808,120,7,12,1,11,9,2,01/11/2014,11, November ,2014
Channel Partners,France, VTT , High ,1734,250,12,20,2,18,5,13,01/01/2014,1, January ,2014
Enterprise,Mexico, VTT , High ,554,250,125,69,7,61,66,4,01/01/2014,1, January ,2014
Government,Canada, VTT , High ,2935,250,20,58,6,52,29,22,01/11/2013,11, November ,2013
Enterprise,Germany, Amarilla , High ,3165,260,125,395,43,352,379,27,01/01/2014,1, January ,2014
Government,Mexico, Amarilla , High ,2629,260,20,52,5,46,26,20,01/01/2014,1, January ,2014
Enterprise,France, Amarilla , High ,1433,260,125,179,19,159,171,12,01/05/2014,5, May ,2014
Enterprise,Mexico, Amarilla , High ,947,260,125,118,13,105,113,8,01/09/2013,9, September ,2013
Government,Mexico, Amarilla , High ,344,260,350,120,13,107,89,17,01/10/2013,10, October ,2013
Midmarket,Mexico, Amarilla , High ,2157,260,15,32,3,28,21,7,01/12/2014,12, December ,2014
Government,United States of America, Paseo , High ,380,10,7,2,292,2,1,467,01/09/2013,9, September ,2013
Government,Mexico, Carretera , High ,886,3,350,310,37,272,230,42,01/06/2014,6, June ,2014
Enterprise,Canada, Carretera , High ,2416,3,125,302,36,265,289,24,01/09/2013,9, September ,2013
Enterprise,Mexico, Carretera , High ,2156,3,125,269,32,237,258,21,01/10/2014,10, October ,2014
Midmarket,Canada, Carretera , High ,2689,3,15,40,4,35,26,8,01/11/2014,11, November ,2014
Midmarket,United States of America, Montana , High ,677,5,15,10,1,8,6,2,01/03/2014,3, March ,2014
Small Business,France, Montana , High ,1773,5,300,531,63,468,443,24,01/04/2014,4, April ,2014
Government,Mexico, Montana , High ,2420,5,7,16,2,14,12,2,01/09/2014,9, September ,2014
Government,Canada, Montana , High ,2734,5,7,19,2,16,13,3,01/10/2014,10, October ,2014
Government,Mexico, Montana , High ,1715,5,20,34,4,30,17,13,01/10/2013,10, October ,2013
Small Business,France, Montana , High ,1186,5,300,355,42,313,296,16,01/12/2013,12, December ,2013
Small Business,United States of America, Paseo , High ,3495,10,300,1,125,922,873,48,01/01/2014,1, January ,2014
Government,Mexico, Paseo , High ,886,10,350,310,37,272,230,42,01/06/2014,6, June ,2014
Enterprise,Mexico, Paseo , High ,2156,10,125,269,32,237,258,21,01/10/2014,10, October ,2014
Government,Mexico, Paseo , High ,905,10,20,18,2,15,9,6,01/10/2014,10, October ,2014
Government,Mexico, Paseo , High ,1715,10,20,34,4,30,17,13,01/10/2013,10, October ,2013
Government,France, Paseo , High ,1594,10,350,557,66,490,414,76,01/11/2014,11, November ,2014
Small Business,Germany, Paseo , High ,1359,10,300,407,48,358,339,19,01/11/2014,11, November ,2014
Small Business,Mexico, Paseo , High ,2150,10,300,645,77,567,537,30,01/11/2014,11, November ,2014
Government,Mexico, Paseo , High ,1197,10,350,418,50,368,311,57,01/11/2014,11, November ,2014
Midmarket,Mexico, Paseo , High ,380,10,15,5,684,5,3,1,01/12/2013,12, December ,2013
Government,Mexico, Paseo , High ,1233,10,20,24,2,21,12,9,01/12/2014,12, December ,2014
Government,Mexico, Velo , High ,1395,120,350,488,58,429,362,66,01/07/2014,7, July ,2014
Government,United States of America, Velo , High ,986,120,350,345,41,303,256,47,01/10/2014,10, October ,2014
Government,Mexico, Velo , High ,905,120,20,18,2,15,9,6,01/10/2014,10, October ,2014
Channel Partners,Canada, VTT , High ,2109,250,12,25,3,22,6,15,01/05/2014,5, May ,2014
Midmarket,France, VTT , High ,3874,250,15,58,6,51,38,12,01/07/2014,7, July ,2014
Government,Canada, VTT , High ,623,250,350,218,26,191,161,29,01/09/2013,9, September ,2013
Government,United States of America, VTT , High ,986,250,350,345,41,303,256,47,01/10/2014,10, October ,2014
Enterprise,United States of America, VTT , High ,2387,250,125,298,35,262,286,23,01/11/2014,11, November ,2014
Government,Mexico, VTT , High ,1233,250,20,24,2,21,12,9,01/12/2014,12, December ,2014
Government,United States of America, Amarilla , High ,270,260,350,94,11,83,70,12,01/02/2014,2, February ,2014
Government,France, Amarilla , High ,3421,260,7,23,2,21,17,3,01/07/2014,7, July ,2014
Government,Canada, Amarilla , High ,2734,260,7,19,2,16,13,3,01/10/2014,10, October ,2014
Midmarket,United States of America, Amarilla , High ,2548,260,15,38,4,33,25,8,01/11/2013,11, November ,2013
Government,France, Carretera , High ,2521,3,20,50,6,44,25,19,01/01/2014,1, January ,2014
Channel Partners,Mexico, Montana , High ,2661,5,12,31,3,28,7,20,01/05/2014,5, May ,2014
Government,Germany, Paseo , High ,1531,10,20,30,3,26,15,11,01/12/2014,12, December ,2014
Government,France, VTT , High ,1491,250,7,10,1,9,7,1,01/03/2014,3, March ,2014
Government,Germany, VTT , High ,1531,250,20,30,3,26,15,11,01/12/2014,12, December ,2014
Channel Partners,Canada, Amarilla , High ,2761,260,12,33,3,29,8,20,01/09/2013,9, September ,2013
Midmarket,United States of America, Carretera , High ,2567,3,15,38,5,33,25,7,01/06/2014,6, June ,2014
Midmarket,United States of America, VTT , High ,2567,250,15,38,5,33,25,7,01/06/2014,6, June ,2014
Government,Canada, Carretera , High ,923,3,350,323,41,281,239,41,01/03/2014,3, March ,2014
Government,France, Carretera , High ,1790,3,350,626,81,545,465,79,01/03/2014,3, March ,2014
Government,Germany, Carretera , High ,442,3,20,8,1,7,4,3,01/09/2013,9, September ,2013
Government,United States of America, Montana , High ,982,5,350,343,44,299,255,43,01/01/2014,1, January ,2014
Government,United States of America, Montana , High ,1298,5,7,9,1,7,6,1,01/02/2014,2, February ,2014
Channel Partners,Mexico, Montana , High ,604,5,12,7,942,6,1,4,01/06/2014,6, June ,2014
Government,Mexico, Montana , High ,2255,5,20,45,5,39,22,16,01/07/2014,7, July ,2014
Government,Canada, Montana , High ,1249,5,20,24,3,21,12,9,01/10/2014,10, October ,2014
Government,United States of America, Paseo , High ,1438,10,7,10,1,8,7,1,01/01/2014,1, January ,2014
Small Business,Germany, Paseo , High ,807,10,300,242,31,210,201,8,01/01/2014,1, January ,2014
Government,United States of America, Paseo , High ,2641,10,20,52,6,45,26,19,01/02/2014,2, February ,2014
Government,Germany, Paseo , High ,2708,10,20,54,7,47,27,20,01/02/2014,2, February ,2014
Government,Canada, Paseo , High ,2632,10,350,921,119,801,684,117,01/06/2014,6, June ,2014
Enterprise,Canada, Paseo , High ,1583,10,125,197,25,172,189,17,01/06/2014,6, June ,2014
Channel Partners,Mexico, Paseo , High ,571,10,12,6,890,5,1,4,01/07/2014,7, July ,2014
Government,France, Paseo , High ,2696,10,7,18,2,16,13,2,01/08/2014,8, August ,2014
Midmarket,Canada, Paseo , High ,1565,10,15,23,3,20,15,4,01/10/2014,10, October ,2014
Government,Canada, Paseo , High ,1249,10,20,24,3,21,12,9,01/10/2014,10, October ,2014
Government,Germany, Paseo , High ,357,10,350,124,16,108,92,15,01/11/2014,11, November ,2014
Channel Partners,Germany, Paseo , High ,1013,10,12,12,1,10,3,7,01/12/2014,12, December ,2014
Midmarket,France, Velo , High ,3997,120,15,59,7,52,39,12,01/01/2014,1, January ,2014
Government,Canada, Velo , High ,2632,120,350,921,119,801,684,117,01/06/2014,6, June ,2014
Government,France, Velo , High ,1190,120,7,8,1,7,5,1,01/06/2014,6, June ,2014
Channel Partners,Mexico, Velo , High ,604,120,12,7,942,6,1,4,01/06/2014,6, June ,2014
Midmarket,Germany, Velo , High ,660,120,15,9,1,8,6,2,01/09/2013,9, September ,2013
Channel Partners,Mexico, Velo , High ,410,120,12,4,639,4,1,3,01/10/2014,10, October ,2014
Small Business,Mexico, Velo , High ,2605,120,300,781,101,679,651,28,01/11/2013,11, November ,2013
Channel Partners,Germany, Velo , High ,1013,120,12,12,1,10,3,7,01/12/2014,12, December ,2014
Enterprise,Canada, VTT , High ,1583,250,125,197,25,172,189,17,01/06/2014,6, June ,2014
Midmarket,Canada, VTT , High ,1565,250,15,23,3,20,15,4,01/10/2014,10, October ,2014
Enterprise,Canada, Amarilla , High ,1659,260,125,207,26,180,199,18,01/01/2014,1, January ,2014
Government,France, Amarilla , High ,1190,260,7,8,1,7,5,1,01/06/2014,6, June ,2014
Channel Partners,Mexico, Amarilla , High ,410,260,12,4,639,4,1,3,01/10/2014,10, October ,2014
Channel Partners,Germany, Amarilla , High ,1770,260,12,21,2,18,5,13,01/12/2013,12, December ,2013
Government,Mexico, Carretera , High ,2579,3,20,51,7,44,25,18,01/04/2014,4, April ,2014
Government,United States of America, Carretera , High ,1743,3,20,34,4,29,17,12,01/05/2014,5, May ,2014
Government,United States of America, Carretera , High ,2996,3,7,20,2,18,14,3,01/10/2013,10, October ,2013
Government,Germany, Carretera , High ,280,3,7,1,274,1,1,285,01/12/2014,12, December ,2014
Government,France, Montana , High ,293,5,7,2,287,1,1,298,01/02/2014,2, February ,2014
Government,United States of America, Montana , High ,2996,5,7,20,2,18,14,3,01/10/2013,10, October ,2013
Midmarket,Germany, Paseo , High ,278,10,15,4,583,3,2,806,01/02/2014,2, February ,2014
Government,Canada, Paseo , High ,2428,10,20,48,6,41,24,17,01/03/2014,3, March ,2014
Midmarket,United States of America, Paseo , High ,1767,10,15,26,3,22,17,5,01/09/2014,9, September ,2014
Channel Partners,France, Paseo , High ,1393,10,12,16,2,14,4,10,01/10/2014,10, October ,2014
Government,Germany, VTT , High ,280,250,7,1,274,1,1,285,01/12/2014,12, December ,2014
Channel Partners,France, Amarilla , High ,1393,260,12,16,2,14,4,10,01/10/2014,10, October ,2014
Channel Partners,United States of America, Amarilla , High ,2015,260,12,24,3,20,6,14,01/12/2013,12, December ,2013
Small Business,Mexico, Carretera , High ,801,3,300,240,33,206,200,6,01/07/2014,7, July ,2014
Enterprise,France, Carretera , High ,1023,3,125,127,17,109,122,12,01/09/2013,9, September ,2013
Small Business,Canada, Carretera , High ,1496,3,300,448,62,385,374,11,01/10/2014,10, October ,2014
Small Business,United States of America, Carretera , High ,1010,3,300,303,42,260,252,8,01/10/2014,10, October ,2014
Midmarket,Germany, Carretera , High ,1513,3,15,22,3,19,15,4,01/11/2014,11, November ,2014
Midmarket,Canada, Carretera , High ,2300,3,15,34,4,29,23,6,01/12/2014,12, December ,2014
Enterprise,Mexico, Carretera , High ,2821,3,125,352,49,303,338,35,01/12/2013,12, December ,2013
Government,Canada, Montana , High ,2227,5,350,779,109,670,579,91,01/01/2014,1, January ,2014
Government,Germany, Montana , High ,1199,5,350,419,58,360,311,49,01/04/2014,4, April ,2014
Government,Canada, Montana , High ,200,5,350,70,9,60,52,8,01/05/2014,5, May ,2014
Government,Canada, Montana , High ,388,5,7,2,380,2,1,395,01/09/2014,9, September ,2014
Government,Mexico, Montana , High ,1727,5,7,12,1,10,8,1,01/10/2013,10, October ,2013
Midmarket,Canada, Montana , High ,2300,5,15,34,4,29,23,6,01/12/2014,12, December ,2014
Government,Mexico, Paseo , High ,260,10,20,5,728,4,2,1,01/02/2014,2, February ,2014
Midmarket,Canada, Paseo , High ,2470,10,15,37,5,31,24,7,01/09/2013,9, September ,2013
Midmarket,Canada, Paseo , High ,1743,10,15,26,3,22,17,5,01/10/2013,10, October ,2013
Channel Partners,United States of America, Paseo , High ,2914,10,12,34,4,30,8,21,01/10/2014,10, October ,2014
Government,France, Paseo , High ,1731,10,7,12,1,10,8,1,01/10/2014,10, October ,2014
Government,Canada, Paseo , High ,700,10,350,245,34,210,182,28,01/11/2014,11, November ,2014
Channel Partners,Canada, Paseo , High ,2222,10,12,26,3,22,6,16,01/11/2013,11, November ,2013
Government,United States of America, Paseo , High ,1177,10,350,411,57,354,306,48,01/11/2014,11, November ,2014
Government,France, Paseo , High ,1922,10,350,672,94,578,499,78,01/11/2013,11, November ,2013
Enterprise,Mexico, Velo , High ,1575,120,125,196,27,169,189,19,01/02/2014,2, February ,2014
Government,United States of America, Velo , High ,606,120,20,12,1,10,6,4,01/04/2014,4, April ,2014
Small Business,United States of America, Velo , High ,2460,120,300,738,103,634,615,19,01/07/2014,7, July ,2014
Small Business,Canada, Velo , High ,269,120,300,80,11,69,67,2,01/10/2013,10, October ,2013
Small Business,Germany, Velo , High ,2536,120,300,760,106,654,634,20,01/11/2013,11, November ,2013
Government,Mexico, VTT , High ,2903,250,7,20,2,17,14,2,01/03/2014,3, March ,2014
Small Business,United States of America, VTT , High ,2541,250,300,762,106,655,635,20,01/08/2014,8, August ,2014
Small Business,Canada, VTT , High ,269,250,300,80,11,69,67,2,01/10/2013,10, October ,2013
Small Business,Canada, VTT , High ,1496,250,300,448,62,385,374,11,01/10/2014,10, October ,2014
Small Business,United States of America, VTT , High ,1010,250,300,303,42,260,252,8,01/10/2014,10, October ,2014
Government,France, VTT , High ,1281,250,350,448,62,385,333,52,01/12/2013,12, December ,2013
Small Business,Canada, Amarilla , High ,888,260,300,266,37,229,222,7,01/03/2014,3, March ,2014
Enterprise,United States of America, Amarilla , High ,2844,260,125,355,49,305,341,35,01/05/2014,5, May ,2014
Channel Partners,France, Amarilla , High ,2475,260,12,29,4,25,7,18,01/08/2014,8, August ,2014
Midmarket,Canada, Amarilla , High ,1743,260,15,26,3,22,17,5,01/10/2013,10, October ,2013
Channel Partners,United States of America, Amarilla , High ,2914,260,12,34,4,30,8,21,01/10/2014,10, October ,2014
Government,France, Amarilla , High ,1731,260,7,12,1,10,8,1,01/10/2014,10, October ,2014
Government,Mexico, Amarilla , High ,1727,260,7,12,1,10,8,1,01/10/2013,10, October ,2013
Midmarket,Mexico, Amarilla , High ,1870,260,15,28,3,24,18,5,01/11/2013,11, November ,2013
Enterprise,France, Carretera , High ,1174,3,125,146,22,124,140,16,01/08/2014,8, August ,2014
Enterprise,Germany, Carretera , High ,2767,3,125,345,51,293,332,38,01/08/2014,8, August ,2014
Enterprise,Germany, Carretera , High ,1085,3,125,135,20,115,130,14,01/10/2014,10, October ,2014
Small Business,Mexico, Montana , High ,546,5,300,163,24,139,136,2,01/10/2014,10, October ,2014
Government,Germany, Paseo , High ,1158,10,20,23,3,19,11,8,01/03/2014,3, March ,2014
Midmarket,Canada, Paseo , High ,1614,10,15,24,3,20,16,4,01/04/2014,4, April ,2014
Government,Mexico, Paseo , High ,2535,10,7,17,2,15,12,2,01/04/2014,4, April ,2014
Government,Mexico, Paseo , High ,2851,10,350,997,149,848,741,106,01/05/2014,5, May ,2014
Midmarket,Canada, Paseo , High ,2559,10,15,38,5,32,25,7,01/08/2014,8, August ,2014
Government,United States of America, Paseo , High ,267,10,20,5,801,4,2,1,01/10/2013,10, October ,2013
Enterprise,Germany, Paseo , High ,1085,10,125,135,20,115,130,14,01/10/2014,10, October ,2014
Midmarket,Germany, Paseo , High ,1175,10,15,17,2,14,11,3,01/10/2014,10, October ,2014
Government,United States of America, Paseo , High ,2007,10,350,702,105,597,521,75,01/11/2013,11, November ,2013
Government,Mexico, Paseo , High ,2151,10,350,752,112,639,559,80,01/11/2013,11, November ,2013
Channel Partners,United States of America, Paseo , High ,914,10,12,10,1,9,2,6,01/12/2014,12, December ,2014
Government,France, Paseo , High ,293,10,20,5,879,4,2,2,01/12/2014,12, December ,2014
Channel Partners,Mexico, Velo , High ,500,120,12,6,900,5,1,3,01/03/2014,3, March ,2014
Midmarket,France, Velo , High ,2826,120,15,42,6,36,28,7,01/05/2014,5, May ,2014
Enterprise,France, Velo , High ,663,120,125,82,12,70,79,9,01/09/2014,9, September ,2014
Small Business,United States of America, Velo , High ,2574,120,300,772,115,656,643,12,01/11/2013,11, November ,2013
Enterprise,United States of America, Velo , High ,2438,120,125,304,45,259,292,33,01/12/2013,12, December ,2013
Channel Partners,United States of America, Velo , High ,914,120,12,10,1,9,2,6,01/12/2014,12, December ,2014
Government,Canada, VTT , High ,865,250,20,17,2,14,8,6,01/07/2014,7, July ,2014
Midmarket,Germany, VTT , High ,492,250,15,7,1,6,4,1,01/07/2014,7, July ,2014
Government,United States of America, VTT , High ,267,250,20,5,801,4,2,1,01/10/2013,10, October ,2013
Midmarket,Germany, VTT , High ,1175,250,15,17,2,14,11,3,01/10/2014,10, October ,2014
Enterprise,Canada, VTT , High ,2954,250,125,369,55,313,354,40,01/11/2013,11, November ,2013
Enterprise,Germany, VTT , High ,552,250,125,69,10,58,66,7,01/11/2014,11, November ,2014
Government,France, VTT , High ,293,250,20,5,879,4,2,2,01/12/2014,12, December ,2014
Small Business,France, Amarilla , High ,2475,260,300,742,111,631,618,12,01/03/2014,3, March ,2014
Small Business,Mexico, Amarilla , High ,546,260,300,163,24,139,136,2,01/10/2014,10, October ,2014
Government,Mexico, Montana , High ,1368,5,7,9,1,8,6,1,01/02/2014,2, February ,2014
Government,Canada, Paseo , High ,723,10,7,5,759,4,3,686,01/04/2014,4, April ,2014
Channel Partners,United States of America, VTT , High ,1806,250,12,21,3,18,5,13,01/05/2014,5, May ,2014
